{"version":8,"hash":{"type":"Buffer","data":"Y3Y5eY7ebnoTtk8WxOvmROAzF+PQdww0Ne3RTlxQ6XCXx14XtPzETl10JSYQ//joMznKEubOrrs4AEYShX5P1e0IEDF0FruBGdGx2y8174KWV20I0SrS2DIh5WIXvXRELXsb+kUgQwDrpaXrArkHKe6CaMvoq6j3M1DxGLU7aAc="},"indexValueMap":{"BmswFi/BlqmOYiZKNCtDiLUz66v3JsmrKRmtAOaI5nc=":{"valueMac":{"type":"Buffer","data":"HBBnmySjQuCRU6snZps8n0vyL0Fk+BZe+hzTBDTdmYA="}},"HdzCAOTRzW2AFazektXHBQj9L0bmLAHLuZqahHLX8jw=":{"valueMac":{"type":"Buffer","data":"54Z2KLJA/IS3bQgb0UhCl4zjXsN7ZuYG+H9ymy0y+rA="}},"Kb636tzq+8bSah9JiXGHSlzHOOnhm/7TUmcBO6Kil7E=":{"valueMac":{"type":"Buffer","data":"mh33xuOP4X6m00OPn/BL7G6AiBB/3PARB5uRPc6S2I0="}},"MnWsHKLhkZ1dbuThOBjtz5Zhc8WCSk3ba879ykoMT3Q=":{"valueMac":{"type":"Buffer","data":"s8DwEJgNnsQLhiff8vkNBV8HaYcA3Q7FdCq8GwmGbxQ="}},"Q/FUZLJqO5WmxObzdt6zymAfkA42uuGG2jgM4SFmDzM=":{"valueMac":{"type":"Buffer","data":"XyWkV8hLQR8TSw2HdEVktATHfZyx3vK8g6ozoxrW5ok="}},"RuBe7RgbA7VTuy3eYgM4mwN3xn43fySSLtmfZYeVXjU=":{"valueMac":{"type":"Buffer","data":"D6OXtSQVQjpP8BpkAhmfABR1zU1DUc6KkWLzfht1WNo="}},"WejEjoICoR2PWbzR0Iu4of+WbD5yJN/HVYLkLdCBxEo=":{"valueMac":{"type":"Buffer","data":"z4GFbzTM8qw3BGddcgZOXrpWUqta480t86e0IHWHt6E="}},"XEygk0eH3k+/tnpuCNmENUFPWw4TL974KAHejdO78Ac=":{"valueMac":{"type":"Buffer","data":"R/OhnTAFcdeLr9BCRL/2OCwhzfbT2FpZzQOVN45Gw4A="}},"XusowircZNml/G7hQ9kYTAa5Syqj0LMmY8Dv/CRereA=":{"valueMac":{"type":"Buffer","data":"LvQQPXtx33OX10wwqMTUYJq8D9/sanj8CH+ybDNE+dc="}},"cyh14m4YY9jD0HKwfM7n4nwIw54LgPnS2hi0Cv30PMc=":{"valueMac":{"type":"Buffer","data":"OsHs+SRUlcMdGUGEJ16GV2ltwgUVp2Q8PxR7rXxjHp0="}},"dkUKjndrVYjDWxdeeulpMsSL33mZaR1DTfGolARVy14=":{"valueMac":{"type":"Buffer","data":"nrFtYTZqjnnv7ukSgRhIOmKeeLXjGaLr9R0wCkmd9P8="}},"jjcxqItX8rzCiUhFUtlIzn2133Q8ocRh/yuSW0IDGwA=":{"valueMac":{"type":"Buffer","data":"BLl5koesaGALJPyiYh15HshqEtdZi+YJNutITxS02wU="}},"lloxosAh9Z5ONSuRvBc5YnHGX2R5sIsSdZA+VaUat8I=":{"valueMac":{"type":"Buffer","data":"24iRCWllahaceKzBpRj8LmvKZu6D9GYkCwdLxJZ/pcA="}},"lrf3cnIP4iuT4PJQzMOrprxREQFTLQiOi6g65tSWR4o=":{"valueMac":{"type":"Buffer","data":"A1B1DyuOSHn4X1q4TdHcDVfLf9ck9+jv9tBCCpyHkIg="}},"mIZOHr/zVmb7/1P4lGW6FLmW5nSzZk1NCH8Euo7CsOo=":{"valueMac":{"type":"Buffer","data":"B4sCqonUQ/KvKxjWhxhjn7MyG4GhkRFautGQs6oaNY4="}},"m4HENi3hZovChu9xSABjElNtJduvy3Uypa+I4pPrs4Q=":{"valueMac":{"type":"Buffer","data":"snxPKvFO1dxVi8YT8yE5jpT9nDzVAToH0dw1OE61eX8="}},"zi9KdtF9iK042/b0lps2hYfpiVlcdbsLp+GJr0Su9TA=":{"valueMac":{"type":"Buffer","data":"4zmOpyxA3J3EejuzE0Fsr6vlm+V1+X1eaop31X5CJf0="}},"2Vtcu3tHUKUbnBtJx7PCS6zcZ2GrGqA4YYBBXnMPnnU=":{"valueMac":{"type":"Buffer","data":"ZjpnnSy0BKArvM3Y0oWLVdL1LpuVZR4I1iOvUvxnYLs="}},"8m8dpPHmJOdiaPDsXRmFXj/S5+Ugc+GnDESVcrsQQck=":{"valueMac":{"type":"Buffer","data":"E9dSiMSvi0QnwesqP8t9+1ovyJCWsqIXMlXfdFkI1Y0="}},"tcPUTmwvuBPFA72He6NT6uGVar38toJ0ajCinH2+K4c=":{"valueMac":{"type":"Buffer","data":"WBIb68vY0UOqwwwTp3SlmqlKq9HyXvMzsUDc7bJzmTA="}},"J8z9zbEfRD51XYIROzPk9FxEPIw8niIUD3dgiauPHSo=":{"valueMac":{"type":"Buffer","data":"a40sN7l8jN7uaQhvpfm9wntsD1b9Mj682evFa/e0RsE="}}}}