{"version":44,"hash":{"type":"Buffer","data":"M7S/K0DdP7Ccj0aQVCnbnVt38wgmIvxQ23ENUX+aijmtUFPhMZWw32P+V2lx3fx7fmTCYQwUnTL7Y/HmuevQl5XJAowTqqoNuRLpPgkg3vcdge5jxKY3SMETLHo7l0N58vtQDU73rj45xTBgmExqylgKwQa8TNBmrwNFdDIH5uE="},"indexValueMap":{"BADyQ2R4KZuuCGxEedVH1IHqh2VT94cHnpjv7m03/g0=":{"valueMac":{"type":"Buffer","data":"6Q224SGbdjIvYH00dJ6URpEjE4VBiSJsuwOiwwcGXxE="}},"BTNB9mUQfizu/qd8DUZt1fyVmLORuD0w7gAeR9sQHOY=":{"valueMac":{"type":"Buffer","data":"HhtObYmLgPnVjcvD6Sw1nuQSuoh6s1/I7fP1NDL/E6w="}},"BWYNar9RkZIH/EB3a0k8vF20nAxTe5Kx+wBPCEQyoro=":{"valueMac":{"type":"Buffer","data":"ShS+PjUtQcYvL57Epl8cdfJPalrpdJ/LGYhGQLrgJj8="}},"Bf68MJmsZvDAziXTImHY3p9W/3wHnMVrAnMTRxQlMws=":{"valueMac":{"type":"Buffer","data":"+sVrP1BMXDsoSRRRp9HBGf2HdJEkEHYxnD1jOS4b9QQ="}},"E/3JkTtFRP9vp7pyOAerTIgxT8JYiEKHTKFLbkGE3p0=":{"valueMac":{"type":"Buffer","data":"OWRk8wZmej03dUp2Dy97sRYVRzgYBpgnIwI8nvpthss="}},"F96ed7/U44OYYaT/nT/go6N7y/0llfRbQMYMczgPVBg=":{"valueMac":{"type":"Buffer","data":"RA0l0AWOvrWhDnyZwYZn0XLYql60uaI0BG6UOh4tl9Y="}},"Gyt44dgDkcoZh0M2BbsQ8Zd8DLM0Wy2EQUwGvY+hSe8=":{"valueMac":{"type":"Buffer","data":"9LAeb6M4DFBf6mojkHbrOpCqxZoQ1LyjF3WkG6vHnJE="}},"LTlB7hTWry3XrNCL16alDhDOi/ikbznUx1WfDg3qWy4=":{"valueMac":{"type":"Buffer","data":"RcTXk/6IzYDseDWIWDd2FhwV/gZTz9WjW7kTXWpJPtk="}},"MPPb4sp0BdS0G00VZ13D9x1rt03FrkTJWs6Q9PU4qkE=":{"valueMac":{"type":"Buffer","data":"Vp6e+I3Un4IxTPoGR3tU6MEJ2xaVJOs95+1dGyWuBlg="}},"MPYsZTNXC9bgSF2qU/7qw33zKjp2zioQ2HWIJG/449Q=":{"valueMac":{"type":"Buffer","data":"vzHCEdSkvdG4YOAqJpZ6hsE9HY83czbfDRBL0GtVGWE="}},"NRtaUe4kXSe1FCXMAp+QacyLQnDM6uJiVNtvYhJpPpw=":{"valueMac":{"type":"Buffer","data":"NObQnlx+FcYJw9DqnhX+8fkSxhzIzwGZzhiHmQjMvec="}},"N3qT0uj9l78JueTihq0TLAz/VpK3GqoNVZVJ7jA9DH0=":{"valueMac":{"type":"Buffer","data":"R6VY0a0bY9gcFnhHmK/1F10rxhB7Zb7ko2pw4EC6isI="}},"N6zo7SqsS+UpN80DhAwnRzlPZxWHNjWCBgwPh4COs9A=":{"valueMac":{"type":"Buffer","data":"HFOR9SDsD0i/D6BLUQBtCUWaqHuMkWqEMpVBM9xcJZE="}},"OvMmsHssokSSowYG2MIy8izGN7M1+lj5AVgJ73AAqrs=":{"valueMac":{"type":"Buffer","data":"f2Z7k377guEdMIIBlTUQmktSMmpK7aWWRoqTQqPUmis="}},"SBHb7+aLORnRyRVa98aX7p0SU94xagPExH7PdsVyjWI=":{"valueMac":{"type":"Buffer","data":"sCKE72Msq6cmUlfMw4MXTgJp+OQKjpMq+lI/mUpOYpg="}},"XaMmSGmu8mef0tO54VLOJDlxl5r50lcXvzFe/m1n2PA=":{"valueMac":{"type":"Buffer","data":"1c8QrDgBt0VeNkMwXPhPdvQ43VMS4rL9TLbK6oxix0M="}},"XvbYy5FC3uQQh0Eqt/6vOLW2mmOHG1qWZ5fjpockHlg=":{"valueMac":{"type":"Buffer","data":"B2ttfVE3Yass3cIuf1wOmDD9iVWOWnPi6mFQyebb8Wg="}},"ZZRAflt3tLzzWiShdcTYMO7mLYof4KClk4g8Yfsw+Gw=":{"valueMac":{"type":"Buffer","data":"W7jS3LJokDHEYA73Ss2TEg+kinGs+IHd/grIBfx8FOk="}},"ZpttITaYK0463lohTdkBSsxFvNDrsxNGY+jRyASOD6M=":{"valueMac":{"type":"Buffer","data":"JYvMPP1pJDvKu4H5d5IguIu1Gj5HYJ808LY+HV8S2q4="}},"aRs6QmXu7aVELjM7ldVrcnP/PxetojPzYcl7XfFBbdg=":{"valueMac":{"type":"Buffer","data":"9eZoEYR1zR70NHAaZQ31rhj/1tqFIFix8aCLqBMyClQ="}},"a+CBf+gxn8JtQPZmZl3iA8xFS9zRvv/QTMvP3CdJyqA=":{"valueMac":{"type":"Buffer","data":"6Xcrq9weinCE7ihfc//g3L8fPBoASk81weVwo09akfA="}},"fxFEP8VQp5hK/aE1i4NTb3lgAOLLV8MpGr65WiBipJc=":{"valueMac":{"type":"Buffer","data":"Wq6CVABA22UvsXdG5uBqaovxyYWpNo6OuC51QpVxNj0="}},"f7sPI5WMJhkhoiM4NmZHdCtZYbtCc/gbNBVTwFC3Vug=":{"valueMac":{"type":"Buffer","data":"s+44KSMGr8OEKqDbo4LoD3wVsdSFNRi5kXHM+Z+NVkQ="}},"j+NjVX+/f/77QB4l/2+2mZBkwGA5eiY9AX5YaFnkNT4=":{"valueMac":{"type":"Buffer","data":"qmlr5iAc7HHbZV+speYWbUzhO0b+o/lTXlFJSr/aNDY="}},"kdyOWVMPfmnV0LyQzaGiGDZUYYIn8JnQB1SpdlCu82w=":{"valueMac":{"type":"Buffer","data":"GBvFi5DIbWs0huMRyo5lpyP1Cg+IHuZQ3UsT02ErxXI="}},"lEzUzqilyD277NWi5TD/BdJYPpYQY5kppUN5J+xUsq4=":{"valueMac":{"type":"Buffer","data":"zNVDGclx7aDw22Jh7acGpMLFeYRyHiJ2+uhsCO1IWLs="}},"lJUSe8+nAok06LvznBZTpdscJ9XjCUqjiO5Xo6TroIg=":{"valueMac":{"type":"Buffer","data":"ZOZPZ3n95s4joEaQqB7BG5/gw1BlqIU5SAdl48Mbs+E="}},"lL+y7y+8v649H/hRYc0OuiNu5bcS1qoGFU43sGOGg/Y=":{"valueMac":{"type":"Buffer","data":"aLFNC8+OqmgbQLsMPmk8aLPgoJ0M5Tif9LPtD8Y1gxQ="}},"luTO/6pLjwI/to9hM8d5O5EWTF5rqo05h+0/dTl/Ugg=":{"valueMac":{"type":"Buffer","data":"x215INJ5PPZqkeXHB4NHsRR0SjlKDd3xfMS9rt8HFt4="}},"odst8H/gu2W2wnliJJRL2TJKeAK+4PoiGsjNTv5m2jk=":{"valueMac":{"type":"Buffer","data":"kmJC6753LJ5sxvk0Ua8Z4KSCK9GNbtZkujQoxHGGlTU="}},"o7HzmFW++ALLR4yTA2OVxB8PP0XCO/ai3s0+wPGAzew=":{"valueMac":{"type":"Buffer","data":"5JuBZ57TZfnYGUUCNvLtY93gB4zQxQG8maQ97CqNDmc="}},"plgrQUBDlE9nQGmVz6UXISj21wMyUatGS33tVZf8X0U=":{"valueMac":{"type":"Buffer","data":"IiNNq3xW1i6oEnxC3tanpdncBuSj/87jipc9DiO7AWY="}},"rPyQipNqCtLJBHSNyQcCy48xGorD03ZvqPmIGOMbrL4=":{"valueMac":{"type":"Buffer","data":"PKhzGAXz0DwsuFtjTDuCTIejUZAYcNEuevWz49wSkKI="}},"sO+JLVCBZ6KxbWo/3tl1ASAUh86luO91GAPBMoP594I=":{"valueMac":{"type":"Buffer","data":"4LAmcPNbEshUyE/42qpilmd3xrK5BWgGRwV8qThRRjY="}},"svY3EEgmmSwbipVWzcYKaUCp6iuikPzj36wgMLoStFk=":{"valueMac":{"type":"Buffer","data":"PLaRSByo2XMwlHHxWGDmTiRRNbt1Lye1K/BZRqmwk3A="}},"uBjozkzhOf+ApGgH8XuaOXhp2K0RofJ4/psNT4Y5ws0=":{"valueMac":{"type":"Buffer","data":"FUq02Ptmf4uc0oxIoDwo5deTArOndz5dw/hL7G5X+WA="}},"v6B2iJqi0KFqVg59GpJMSFBHqPKHRfhMw/UNbOo7U5E=":{"valueMac":{"type":"Buffer","data":"j6hJnjw+5YId80RFc6krLStIxKJvh6ZVxqZ9KoOwMrg="}},"wQNEW/UwUA2B/HDkfH3d6Yfm71CuHR81r1cNNCOvHLE=":{"valueMac":{"type":"Buffer","data":"VUODT/SzjDF/chuF57uifYHq5hYT/vk/knpowTkYX08="}},"yjwWb/Xlzm+S8/NATe8yoCG0x456Q+Cu1K42mbII+x0=":{"valueMac":{"type":"Buffer","data":"zrfHUqxFv8KjkhTvGSDSfAxNjNqzr54FXwq4apJeEsI="}},"ypbhtniZkNehN0+Xwn60OEbWibswYtvg/fFTS44Yhow=":{"valueMac":{"type":"Buffer","data":"Igd6I2gm+8YvYvrNXctUJ7oVvb7lj8MI9Jd+JpTF1wA="}},"4UnuoluNhSb16KvbzVy7JQMLFbnn/4Q8HtsyavoYC6E=":{"valueMac":{"type":"Buffer","data":"DggFmJHi8F3cQZvii+ly2BtJ1/wZ9kcNJ3zvxjVtdfE="}},"6U8R4OWdE8zbH+RNN6A9iNLIvRd2/7WuPp5BUouHR6A=":{"valueMac":{"type":"Buffer","data":"H2stODiHDfAv2CVJhf0XWl6FF+ctHm2bx1snGbPGnzw="}},"6v0AX3civS1d+cxaul5jD1q0xSV4AXDW/mzOB4WYM0M=":{"valueMac":{"type":"Buffer","data":"n5hq6G0TeS6VXxA7R0it9RsGdtSFbSzGmWjiWD4Mi7k="}},"7Xsfgk9fplEqo+C9Fk/0F53SwHyDgwtLghzoK4whZ1o=":{"valueMac":{"type":"Buffer","data":"t5NP0wJhCA8puc5q2UpElv9rBYsg2LHg/4aIwBrBZrk="}},"7pKtZgIAkLYI/4mA4BxKbwA/sXw2COir8LYRZSdkuw0=":{"valueMac":{"type":"Buffer","data":"kGd4JUF3STNINSI61VXq8fE9YJGiH907VzK7F8IxjG0="}},"8C0sQTvZ7V4IgwTBwzguxhGHhcEb38xgWtv6YTGFYuA=":{"valueMac":{"type":"Buffer","data":"MxTXAYFfQDZwEa4icepyp+FRHjVqDFl60l/L88s9z+g="}},"95+Wy+VVkQQ1gucY3cueA2+oZwUdOMUkxgwzwERSy5o=":{"valueMac":{"type":"Buffer","data":"eSelBwYC97TCpH3RPx/yCdI2gkhkyMJ+KKwZawxzv0Y="}},"+JhpM835sNHrYVMU5x0P4ukGzcwk1wQulWLWL45wDn0=":{"valueMac":{"type":"Buffer","data":"KverROWb6wtD8xaiPE1ssaszT/AB305BqPx+iHfzo10="}},"+lvKniKo6rg9XSibU+uB3i5uRuk6ImH251m3+R76cxM=":{"valueMac":{"type":"Buffer","data":"HgUu7/QbERZz8shcyRo6D7geGsjmZ5vkCAoLSJa5dTc="}},"5O8y7Gtfl1wj/0+pqhawbtGkFEF893oNaer9430lJG8=":{"valueMac":{"type":"Buffer","data":"yN9BMR/JwDz7dDipacDNVXldh6Z45LmQ914KpPRU5yc="}},"9aLbdCQeJDx1jsYV5PjGgKHdJIqsbQws1GZFO7AV7l0=":{"valueMac":{"type":"Buffer","data":"vpiZkbU7ok0suAcXVYwb/Rx8K959JS8ieKTORUx7Wr4="}}}}