{"noiseKey":{"private":{"type":"Buffer","data":"WISE1MCz1K6s3WGjuSJS7uUHJHN9Ae6lJkUrb1bh+2E="},"public":{"type":"Buffer","data":"eTHsuKEAq8/RDXSipLQe6RRg2B0MRlufYph6jAnMUzY="}},"pairingEphemeralKeyPair":{"private":{"type":"Buffer","data":"0LY/7QaQjPp5hI9T1wiMBfIZOZjWtO0xPBGPQDFnV1g="},"public":{"type":"Buffer","data":"bHbcI7kWyf/3smtGJIijUHYAaExePrqszd7Q7MljUEA="}},"signedIdentityKey":{"private":{"type":"Buffer","data":"sJGDPxubmAv9cNLx8kgvUzOEVmP2Li5Bqfkq1scEQVg="},"public":{"type":"Buffer","data":"q1W7E7NqruQmd87eyCQv3YXEoNRASD2SRHcx2cHzzDw="}},"signedPreKey":{"keyPair":{"private":{"type":"Buffer","data":"4PTW1n0Vordj511SKMlDksX9/uErsAHzzR+dXsh2Sko="},"public":{"type":"Buffer","data":"p7NhTrTgaMDFQTiq99azemwt0XgL9wKmXn7dGMnKqm4="}},"signature":{"type":"Buffer","data":"vHOtq3FhLiRSIAXVHp07Zb8cNhCtR1KcnoDmtJCdV1O6EyzGmmqzRn3baDwkkt69HGKQ7IVqFEgm5GbZR/1yhQ=="},"keyId":1},"registrationId":23,"advSecretKey":"Uzgl0gFSI8FaZ47bBCyEvY+SGIMTN+RrQIdeWZW2iYU=","processedHistoryMessages":[{"key":{"remoteJid":"6285172477502@s.whatsapp.net","fromMe":false,"id":"ACD91E1B184A9409FBECA41BC27A60FE","participant":"","addressingMode":"pn"},"messageTimestamp":1761496651},{"key":{"remoteJid":"6285172477502@s.whatsapp.net","fromMe":false,"id":"ACEDDDA8792FC3E61F1AC1D9D9831D4A","participant":"","addressingMode":"pn"},"messageTimestamp":1761496652},{"key":{"remoteJid":"6285172477502@s.whatsapp.net","fromMe":false,"id":"AC1628406E776073A72DF50619518587","participant":"","addressingMode":"pn"},"messageTimestamp":1761496652},{"key":{"remoteJid":"6285172477502@s.whatsapp.net","fromMe":false,"id":"AC3A0B1E7916923E9D054BD4E541A7AD","participant":"","addressingMode":"pn"},"messageTimestamp":1761496653},{"key":{"remoteJid":"6285172477502@s.whatsapp.net","fromMe":false,"id":"AC41A9EB9A0D4CE22E4C71327E455EC2","participant":"","addressingMode":"pn"},"messageTimestamp":1761496695},{"key":{"remoteJid":"6285172477502@s.whatsapp.net","fromMe":false,"id":"ACCF54092311742796CFE4DC55FCB0D4","participant":"","addressingMode":"pn"},"messageTimestamp":1761496731},{"key":{"remoteJid":"6285172477502@s.whatsapp.net","fromMe":false,"id":"AC064C15F80AD7A15240A691840A8136","participant":"","addressingMode":"pn"},"messageTimestamp":1761496767},{"key":{"remoteJid":"6285172477502@s.whatsapp.net","fromMe":false,"id":"AC946532C6B449AC4C57F315AAE651B1","participant":"","addressingMode":"pn"},"messageTimestamp":1761496796},{"key":{"remoteJid":"6285172477502@s.whatsapp.net","fromMe":false,"id":"AC5C3E47591C297D9FADD4160B255B6F","participant":"","addressingMode":"pn"},"messageTimestamp":1761496811},{"key":{"remoteJid":"6285172477502@s.whatsapp.net","fromMe":false,"id":"AC270517BBE7B32501AA9D5E6B58809A","participant":"","addressingMode":"pn"},"messageTimestamp":1761496812}],"nextPreKeyId":813,"firstUnuploadedPreKeyId":813,"accountSyncCounter":4,"accountSettings":{"unarchiveChats":false},"registered":false,"account":{"details":"CKqGz9kFEMKc+ccGGAYgACgA","accountSignatureKey":"PLs0bzo2jBqcGgQzdVH+Om7LmtBA2fn8yprUPahLVUw=","accountSignature":"mkmpekRv8hn29IKstZIy1r/bzUqt33qfcb+46CMyslz00HKRM/27aCMkkFrXW2OMcT6jHEdqughlTaX/0+9NDg==","deviceSignature":"sF84nXR/MBQ38tZvwBmzkdiXVcUVhsx5ELX67lUWLCpvmpyGKQvd/QPzZWvM/zaCCpyynENIRMVXYqrzdthnjA=="},"me":{"id":"6285172477502:83@s.whatsapp.net","lid":"137842948866243:83@lid","name":"Papa Meira & Hiroki"},"signalIdentities":[{"identifier":{"name":"137842948866243:83@lid","deviceId":0},"identifierKey":{"type":"Buffer","data":"BTy7NG86NowanBoEM3VR/jpuy5rQQNn5/Mqa1D2oS1VM"}}],"platform":"android","routingInfo":{"type":"Buffer","data":"CA0ICA=="},"lastAccountSyncTimestamp":1761496996,"lastPropHash":"3R9Z39","myAppStateKeyId":"AAAAACQB"}